{"cameraMode":{"drawMode":0,"name":"Shaded","section":"Shading Mode"},"sceneLighting":false,"audioPlay":false,"sceneViewState":{"showFog":true,"showMaterialUpdate":false,"showSkybox":false,"showFlares":true,"showImageEffects":true,"showParticleSystems":true},"in2DMode":false,"pivot":{"x":-1.9851295948028565,"y":1.042132019996643,"z":11.525691986083985},"rotation":{"x":-0.020348668098449708,"y":-0.9189478158950806,"z":0.050365108996629718,"w":-0.3921206593513489},"size":1.0748875141143799,"orthographic":false}