{"cameraMode":{"drawMode":0,"name":"Shaded","section":"Shading Mode"},"sceneLighting":false,"audioPlay":false,"sceneViewState":{"showFog":true,"showMaterialUpdate":false,"showSkybox":false,"showFlares":true,"showImageEffects":true,"showParticleSystems":true},"in2DMode":false,"pivot":{"x":-1.2264935970306397,"y":0.4435800313949585,"z":-0.4793718457221985},"rotation":{"x":-0.004002638626843691,"y":0.9874112010002136,"z":-0.1601516157388687,"w":-0.021118441596627237},"size":2.0175225734710695,"orthographic":false}