{"cameraMode":{"drawMode":0,"name":"Shaded","section":"Shading Mode"},"sceneLighting":false,"audioPlay":false,"sceneViewState":{"showFog":true,"showMaterialUpdate":false,"showSkybox":false,"showFlares":true,"showImageEffects":true,"showParticleSystems":true},"in2DMode":false,"pivot":{"x":0.0,"y":2.9802322387695315e-8,"z":0.6362230777740479},"rotation":{"x":-0.13000154495239259,"y":-0.8706785440444946,"z":0.3369237184524536,"w":-0.3352857530117035},"size":1.1250911951065064,"orthographic":false}